Workbook

Sheet ورودی‌های معامله
A1: عنوان | B1: مقدار | C1: واحد/توضیح
A2: ارزش واردات ارزی | B2: 100000 | C2: دلار آمریکا
A3: نوع ارز | B3: USD
A4: نرخ تبدیل | B4: 65000 | C4: تومان برای هر واحد ارز
A5: ارزش ریالی واردات | B5: =B2*B4 | C5: فرمول: ارزش ارزی × نرخ تبدیل
A6: HS Code | B6: 85176290 | C6: نمونه: تجهیزات ارتباطی
A7: شرح کالا | B7: تجهیزات شبکه و مخابرات
A8: کشور مبدأ | B8: چین
A9: مبلغ فاکتور فروش داخلی | B9: 8500000000 | C9: تومان، قبل از VAT
A10: کارمزد هر دلار برای صاحب کارت | B10: 2500 | C10: تومان
A11: میزان منفعت رفع تعهد ارزی | B11: 100000000 | C11: تومان
A12: آیا کالا معاف از VAT است؟ | B12: خیر
A13: آیا مجوز خاص نیاز دارد؟ | B13: بله | C13: مجوز ثبت سفارش/استاندارد/صمت بررسی شود
A14: مبلغ مورد انتظار رفع تعهد | B14: 4000000000 | C14: تومان
A15: آیا VAT فروش داخلی جداگانه توسط خریدار پرداخت می‌شود؟ | B15: بله

Sheet هزینه‌های گمرکی و واردات
A1: شرح | B1: مبنا/نرخ | C1: مبلغ تومان | D1: توضیح/فرمول
A2: قیمت کالا | B2: ='ورودی‌های معامله'!B2 | C2: ='ورودی‌های معامله'!B2*'ورودی‌های معامله'!B4 | D2: ارزش کالا به نرخ تبدیل
A3: حمل | B3: 3000 | C3: =B3*'ورودی‌های معامله'!B4 | D3: هزینه حمل خارجی به ارز
A4: بیمه | B4: 500 | C4: =B4*'ورودی‌های معامله'!B4 | D4: هزینه بیمه خارجی به ارز
A5: کارمزد حواله | B5: 0.01 | C5: =SUM(C2:C4)*B5 | D5: درصد از جمع کالا، حمل و بیمه
A6: اسپرد تبدیل ارز | B6: 0.02 | C6: =SUM(C2:C4)*B6 | D6: هزینه اختلاف نرخ خرید/تسویه ارز
A7: تعدیل ارزش گمرکی | B7: 0.03 | C7: =SUM(C2:C4)*B7 | D7: افزایش ارزش برای محاسبات گمرکی
A8: پایه ارزش گمرکی | C8: =SUM(C2:C4)+C7 | D8: پایه محاسبه حقوق ورودی و سود بازرگانی
A9: حقوق ورودی | B9: 0.04 | C9: =C8*B9 | D9: نرخ نمونه
A10: سود بازرگانی | B10: 0.05 | C10: =C8*B10 | D10: نرخ نمونه
A11: سایر عوارض | C11: 15000000 | D11: عوارض متفرقه نمونه
A12: هزینه ترخیص | C12: 80000000 | D12: حق‌العمل، تشریفات و خدمات
A13: انبارداری | C13: 20000000
A14: دموراژ | C14: 50000000 | D14: نمونه ریسک تأخیر
A15: هزینه‌های بندری | C15: 30000000
A16: بهای تمام‌شده قبل از VAT | C16: =SUM(C2:C6)+SUM(C9:C15) | D16: بدون VAT واردات
A17: بهای تمام‌شده با VAT | C17: =C16+'محاسبات ارزش افزوده'!C4 | D17: شامل خروج وجه VAT واردات

Sheet محاسبات ارزش افزوده
A1: شرح | B1: نرخ/ورودی | C1: مبلغ تومان | D1: توضیح
A2: پایه مشمول VAT واردات | C2: ='هزینه‌های گمرکی و واردات'!C8+'هزینه‌های گمرکی و واردات'!C9+'هزینه‌های گمرکی و واردات'!C10+'هزینه‌های گمرکی و واردات'!C11 | D2: پایه گمرکی + حقوق ورودی + سود بازرگانی + عوارض
A3: نرخ VAT واردات | B3: 0.1 | D3: نرخ نمونه
A4: مبلغ VAT واردات | C4: =IF('ورودی‌های معامله'!B12="بله",0,C2*B3) | D4: اگر کالا معاف باشد صفر می‌شود
A5: مبلغ فاکتور فروش داخلی | C5: ='ورودی‌های معامله'!B9 | D5: مبلغ قبل از VAT
A6: نرخ VAT فروش داخلی | B6: 0.1 | D6: نرخ نمونه
A7: مبلغ VAT فروش داخلی | C7: =IF('ورودی‌های معامله'!B12="بله",0,C5*B6) | D7: باید در صورتحساب داخلی درج شود
A8: طلب VAT صادراتی قبلی | C8: 200000000 | D8: اعتبار/طلب قبلی صاحب کارت
A9: خالص VAT قابل پرداخت یا قابل تهاتر | C9: =C7-C4-C8 | D9: مثبت: پرداختنی، منفی: قابل تهاتر/اعتبار
A10: هشدار VAT | C10: حتی در صورت تهاتر، اگر کالا معاف نباشد، VAT فروش داخلی باید در صورتحساب داخلی درج شود. | D10: کنترل سامانه مؤدیان و تأیید خریدار ضروری است

Sheet سناریوهای مالیات عملکرد
A1: سناریو/مشخصه | B1: مبنای درآمد/سود | C1: نرخ مالیات | D1: مبلغ مالیات | E1: سود خالص صاحب کارت بعد از مالیات | F1: توضیح ریسک
A2: اینتاکد | B2: 4690010 | F2: نمونه کد فعالیت، باید با پرونده واقعی تطبیق داده شود
A3: شرح فعالیت | B3: واردات و فروش داخلی تجهیزات شبکه
A4: ضریب سود فعالیت | B4: 0.1 | F4: ضریب نمونه بر اساس اینتاکد
A5: آیا فعالیت با پرونده مالیاتی صاحب کارت همخوان است؟ | B5: خیر | F5: عدم همخوانی، ریسک تشخیص درآمد کامل را بالا می‌برد
A6: آیا مشاور مالیاتی تأیید کرده؟ | B6: بله | F6: تأیید نهایی باید مستند شود
A7: سناریوی مالیات انتخاب‌شده | B7: B - مالیات سود برآوردی اینتاکد | F7: برای خلاصه مدیریتی
A8: هزینه اداری/حسابداری | B8: 30000000 | F8: ورودی آشکار برای محاسبه سود خالص صاحب کارت
A9: ذخیره مستقیم ریسک صاحب کارت | B9: 50000000 | F9: ورودی آشکار برای کسر از منفعت خالص
A10: A) مالیات فقط روی کارمزد صاحب کارت | B10: ='ورودی‌های معامله'!B2*'ورودی‌های معامله'!B10 | C10: 0.25 | D10: =B10*C10 | E10: =B10+'ورودی‌های معامله'!B11-D10-B8-B9 | F10: ریسک پایین‌تر در صورت قرارداد حق‌العمل‌کاری و مستندات کامل
A11: B) مالیات روی سود فرضی فروش کالا بر اساس ضریب اینتاکد | B11: ='ورودی‌های معامله'!B9*B4 | C11: 0.25 | D11: =B11*C11 | E11: =('ورودی‌های معامله'!B2*'ورودی‌های معامله'!B10)+'ورودی‌های معامله'!B11-D11-B8-B9 | F11: ریسک متوسط؛ وابسته به پذیرش اینتاکد و مدل حسابداری
A12: C) مالیات روی سود واقعی/دلخواه | B12: 400000000 | C12: 0.25 | D12: =B12*C12 | E12: =('ورودی‌های معامله'!B2*'ورودی‌های معامله'!B10)+'ورودی‌های معامله'!B11-D12-B8-B9 | F12: ریسک بالا اگر سود واقعی و مدارک هزینه قابل دفاع نباشد

Sheet چک‌لیست ریسک
A1: کنترل | B1: انجام شده؟ بله/خیر | C1: وزن ریسک | D1: ریسک لحاظ‌شده | E1: توضیح
A2: قرارداد کتبی وجود دارد | B2: بله | C2: 8 | D2: =IF(B2="بله",0,C2) | E2: قرارداد سه‌جانبه با تعهدات مالیاتی و گمرکی
A3: HS Code بررسی شده | B3: بله | C3: 8 | D3: =IF(B3="بله",0,C3) | E3: استعلام تعرفه و حقوق ورودی انجام شده
A4: مجوزهای کالا بررسی شده | B4: خیر | C4: 7 | D4: =IF(B4="بله",0,C4) | E4: برای کالای نمونه مجوز خاص لازم است
A5: مبلغ فاکتور داخلی مشخص است | B5: بله | C5: 6 | D5: =IF(B5="بله",0,C5) | E5: مبنای VAT و مالیات عملکرد
A6: پرداخت‌کننده VAT واردات مشخص است | B6: بله | C6: 6 | D6: =IF(B6="بله",0,C6) | E6: در قرارداد با مجری مشخص شده
A7: پرداخت‌کننده VAT فروش داخلی مشخص است | B7: بله | C7: 6 | D7: =IF(B7="بله",0,C7) | E7: خریدار داخلی جداگانه پرداخت می‌کند
A8: صورتحساب الکترونیکی صادر می‌شود | B8: بله | C8: 8 | D8: =IF(B8="بله",0,C8) | E8: در سامانه مؤدیان
A9: خریدار داخلی صورتحساب را تأیید می‌کند | B9: خیر | C9: 7 | D9: =IF(B9="بله",0,C9) | E9: ریسک رد اعتبار و اختلاف فروش
A10: اینتاکد بررسی شده | B10: خیر | C10: 8 | D10: =IF(B10="بله",0,C10) | E10: نیازمند تأیید مستند مشاور مالیاتی
A11: مالیات عملکرد تعیین تکلیف شده | B11: بله | C11: 8 | D11: =IF(B11="بله",0,C11) | E11: سناریو B به‌عنوان مبنا انتخاب شده
A12: مسئولیت گمرکی مشخص است | B12: بله | C12: 8 | D12: =IF(B12="بله",0,C12) | E12: مسئولیت اختلاف ارزش و تعرفه با مجری
A13: مسیر رفع تعهد ارزی تأیید شده | B13: بله | C13: 9 | D13: =IF(B13="بله",0,C13) | E13: مسیر تسویه در سامانه و بانک مشخص است
... A21: حسابدار/حسابرس مدل را تأیید کرده | B21: خیر | C21: 8 | D21: =IF(B21="بله",0,C21) | E21: مدل ثبت درآمد باید پیش از معامله تأیید شود
A22: امتیاز کل ریسک | D22: =SUM(D2:D21) | E22: جمع وزن موارد انجام‌نشده
A23: تعداد کنترل‌های انجام‌شده | B23: =COUNTIF(B2:B21,"بله") | E23: برای خلاصه مدیریتی
A24: تعداد کنترل‌های انجام‌نشده | B24: =COUNTIF(B2:B21,"خیر") | E24: برای خلاصه مدیریتی

Sheet محاسبه وثیقه پیشنهادی
A1: شرح ذخیره | B1: مبنای محاسبه | C1: درصد ذخیره | D1: مبلغ ذخیره | E1: توضیح
A2: راهنمای درصدها | E2: در ستون درصد ذخیره، عدد 1 به معنی 100% است؛ اعداد به‌صورت درصد نمایش داده می‌شوند.
A3: ذخیره ریسک VAT | B3: =MAX('محاسبات ارزش افزوده'!C4,'محاسبات ارزش افزوده'!C7) | C3: 1 | D3: =B3*C3 | E3: پوشش ریسک رد اعتبار یا عدم پرداخت
A4: مالیات سناریوی منتخب | B4: =IF(LEFT('سناریوهای مالیات عملکرد'!B7,1)="A",'سناریوهای مالیات عملکرد'!D10,IF(LEFT('سناریوهای مالیات عملکرد'!B7,1)="B",'سناریوهای مالیات عملکرد'!D11,'سناریوهای مالیات عملکرد'!D12)) | E4: برای نمایش؛ مبنای محافظه‌کارانه ذخیره نیست
A5: بدترین مالیات بین سناریوها | B5: =MAX('سناریوهای مالیات عملکرد'!D10:D12) | E5: بیشترین مبلغ مالیات در سناریوهای A/B/C
A6: درصد پوشش ریسک مالیات عملکرد | C6: 1 | E6: عدد 1 یعنی 100% پوشش
A7: ذخیره پیشنهادی مالیات عملکرد | B7: =B5 | C7: =C6 | D7: =B5*C6 | E7: برای محافظت از صاحب کارت، وثیقه مالیاتی بهتر است بر اساس بدترین سناریوی مالیات عملکرد محاسبه شود، نه فقط سناریوی منتخب.
A8: ذخیره ریسک گمرکی | B8: ='محاسبات ارزش افزوده'!C2 | C8: 0.2 | D8: =B8*C8 | E8: اختلاف ارزش، تعرفه، جریمه و عوارض
A9: ذخیره ریسک ارزی | B9: =SUM('هزینه‌های گمرکی و واردات'!C2:C4) | C9: 0.05 | D9: =B9*C9 | E9: نوسان نرخ و هزینه تسویه
A10: ذخیره ریسک عدم رفع تعهد | B10: ='ورودی‌های معامله'!B14 | C10: 0.2 | D10: =B10*C10 | E10: تا قطعی شدن مسیر رفع تعهد
A11: ذخیره حقوقی/اداری ثابت | B11: 100000000 | D11: =B11 | E11: پیگیری حقوقی، حسابداری و اداری
A12: حداقل وثیقه پیشنهادی | D12: =SUM(D3,D7:D11) | E12: حداقل تضمین قابل مذاکره
A13: هشدار وثیقه | D13: هیچ معامله‌ای نباید بدون وثیقه پوشش‌دهنده ریسک VAT، مالیات، گمرک و رفع تعهد ارزی انجام شود. | E13: کنترل قراردادی و ضمانت اجرایی لازم است

Sheet خلاصه تصمیم مدیریتی
A1: شاخص | B1: مقدار | C1: توضیح
A2: ارزش کل واردات | B2: ='ورودی‌های معامله'!B5 | C2: ارزش ریالی معامله
A3: بهای تمام‌شده کل | B3: ='هزینه‌های گمرکی و واردات'!C17 | C3: با VAT واردات
A4: کارمزد ناخالص صاحب کارت | B4: ='سناریوهای مالیات عملکرد'!B10 | C4: ارزش ارزی × کارمزد هر دلار
A5: سناریوی مالیات انتخاب‌شده | B5: ='سناریوهای مالیات عملکرد'!B7 | C5: گزینه کامل انتخاب‌شده
A6: نام سناریوی مالیات انتخاب‌شده | B6: =B5 | C6: شرح سناریوی فعال
A7: درصد کارمزد از ارزش واردات | B7: =B4/B2 | C7: کارمزد ناخالص نسبت به ارزش ریالی واردات
A8: VAT واردات | B8: ='محاسبات ارزش افزوده'!C4
A9: VAT فروش داخلی | B9: ='محاسبات ارزش افزوده'!C7 | C9: باید در صورتحساب درج شود مگر معافیت
A10: خالص VAT قابل پرداخت/تهاتر | B10: ='محاسبات ارزش افزوده'!C9 | C10: مثبت: پرداختنی، منفی: تهاتر/اعتبار
A11: مالیات عملکرد انتخاب‌شده | B11: =IF(LEFT('سناریوهای مالیات عملکرد'!B7,1)="A",'سناریوهای مالیات عملکرد'!D10,IF(LEFT('سناریوهای مالیات عملکرد'!B7,1)="B",'سناریوهای مالیات عملکرد'!D11,'سناریوهای مالیات عملکرد'!D12)) | C11: بر اساس سناریوی منتخب
A12: سود خالص صاحب کارت | B12: =IF(LEFT('سناریوهای مالیات عملکرد'!B7,1)="A",'سناریوهای مالیات عملکرد'!E10,IF(LEFT('سناریوهای مالیات عملکرد'!B7,1)="B",'سناریوهای مالیات عملکرد'!E11,'سناریوهای مالیات عملکرد'!E12)) | C12: پس از مالیات، هزینه اداری و ذخیره ریسک
A13: سود خالص به ازای هر دلار | B13: =B12/'ورودی‌های معامله'!B2 | C13: تومان به ازای هر دلار واردات
A14: هزینه کل مجری/واردکننده واقعی | B14: ='هزینه‌های گمرکی و واردات'!C17+'سناریوهای مالیات عملکرد'!B10+MAX('محاسبات ارزش افزوده'!C9,0)+'سناریوهای مالیات عملکرد'!B8 | C14: بهای تمام‌شده + کارمزد + VAT پرداختنی + هزینه اداری
A15: حداقل وثیقه پیشنهادی | B15: ='محاسبه وثیقه پیشنهادی'!D12 | C15: جمع ذخایر ریسک
A16: امتیاز ریسک | B16: ='چک‌لیست ریسک'!D22 | C16: جمع وزن کنترل‌های انجام‌نشده
A17: تعداد کنترل‌های انجام‌نشده | B17: ='چک‌لیست ریسک'!B24 | C17: موارد خیر
A18: تعداد کنترل‌های انجام‌شده | B18: ='چک‌لیست ریسک'!B23 | C18: موارد بله
A19: مجموع وزن ریسک‌های انجام‌نشده | B19: ='چک‌لیست ریسک'!D22 | C19: همان امتیاز کل ریسک
A20: آیا VAT فروش داخلی جداگانه توسط خریدار پرداخت می‌شود؟ | B20: ='ورودی‌های معامله'!B15 | C20: ورودی قراردادی حساس
A21: پیام وضعیت دریافت VAT از خریدار | B21: =IF(B20="خیر","هشدار: اگر VAT فروش داخلی جداگانه از خریدار دریافت نشود، ممکن است این مبلغ از سود صاحب کارت یا مجری کسر شود.","VAT فروش داخلی به‌صورت جداگانه از خریدار دریافت می‌شود.") | C21: هشدار نقدینگی VAT
A22: سطح ریسک | B22: =IF(B16<=20,"کم",IF(B16<=45,"متوسط",IF(B16<=70,"زیاد","غیرقابل قبول"))) | C22: طبقه‌بندی امتیاز ریسک
A23: تصمیم نهایی | B23: =IF(OR(B16>70,B12<0),"رد معامله",IF(B16>=46,"نیازمند تضمین و کنترل تکمیلی",IF(B16>=21,"نیازمند تضمین و کنترل تکمیلی","قابل قبول"))) | C23: خروجی مدیریتی نهایی
A24: توصیه عملیاتی نهایی | B24: =IF(OR(B16>70,B12<0),"رد معامله؛ ریسک یا زیان خالص برای صاحب کارت بیش از حد قابل قبول است.",IF(B16>=46,"فقط در صورت دریافت وثیقه کافی، تأیید مالیاتی/گمرکی و کنترل کامل اسناد قابل بررسی است.",IF(B16>=21,"قابل بررسی با اخذ تضمین، قرارداد دقیق، تعیین تکلیف VAT، اینتاکد و فاکتور داخلی.","از نظر مدیریتی قابل قبول است، مشروط به تأیید نهایی حسابدار، مشاور مالیاتی و کنترل اسناد."))) | C24: متن قابل استفاده برای تصمیم مدیریتی
A25: بخش: ریسک‌های باز مهم | C25: سه کنترل انجام‌نشده با بیشترین وزن ریسک
A26: ریسک باز مهم ۱ | B26: =IF(B17=0,"همه کنترل‌های اصلی انجام شده‌اند.",INDEX(SORTBY(FILTER('چک‌لیست ریسک'!A2:A21,'چک‌لیست ریسک'!B2:B21="خیر"),FILTER('چک‌لیست ریسک'!C2:C21,'چک‌لیست ریسک'!B2:B21="خیر"),-1),1)) | C26: بالاترین وزن
A27: ریسک باز مهم ۲ | B27: =IF(B17<2,"",INDEX(SORTBY(FILTER('چک‌لیست ریسک'!A2:A21,'چک‌لیست ریسک'!B2:B21="خیر"),FILTER('چک‌لیست ریسک'!C2:C21,'چک‌لیست ریسک'!B2:B21="خیر"),-1),2)) | C27: دومین وزن
A28: ریسک باز مهم ۳ | B28: =IF(B17<3,"",INDEX(SORTBY(FILTER('چک‌لیست ریسک'!A2:A21,'چک‌لیست ریسک'!B2:B21="خیر"),FILTER('چک‌لیست ریسک'!C2:C21,'چک‌لیست ریسک'!B2:B21="خیر"),-1),3)) | C28: سومین وزن
A29: بخش: تحلیل حداقل کارمزد قابل قبول | C29: تحلیل پوشش هزینه‌ها و ریسک مستقیم صاحب کارت
A30: کارمزد فعلی هر دلار | B30: ='ورودی‌های معامله'!B10 | C30: تومان برای هر دلار
A31: کارمزد ناخالص کل | B31: =B4 | C31: جمع کارمزد ناخالص
A32: کارمزد خالص پس از مالیات و هزینه‌های مستقیم | B32: =B12-'ورودی‌های معامله'!B11 | C32: بدون منفعت رفع تعهد ارزی
A33: منفعت خالص به ازای هر دلار | B33: =B13 | C33: تومان برای هر دلار
A34: حداقل کارمزد پیشنهادی هر دلار برای پوشش مالیات، هزینه اداری و ذخیره ریسک مستقیم صاحب کارت | B34: =(B11+'سناریوهای مالیات عملکرد'!B8+'سناریوهای مالیات عملکرد'!B9)/'ورودی‌های معامله'!B2 | C34: فرمول پیشنهادی مدیریتی
A35: فاصله کارمزد فعلی با حداقل کارمزد پیشنهادی | B35: =B30-B34 | C35: مثبت یعنی کارمزد فعلی بالاتر از حداقل است
A36: هشدار کف کارمزد | B36: =IF(B35<0,"کارمزد فعلی برای پوشش هزینه‌ها و ریسک‌های مستقیم صاحب کارت کافی نیست.","کارمزد فعلی هزینه‌ها و ریسک‌های مستقیم صاحب کارت را پوشش می‌دهد.") | C36: کنترل کف کارمزد
A37: هشدار VAT | C37: حتی در صورت تهاتر، VAT فروش داخلی باید در صورتحساب داخلی درج شود مگر کالا معاف باشد.
A38: هشدار کنترل سامانه | C38: صاحب کارت نباید کنترل دسترسی سامانه جامع تجارت را از دست بدهد.
A39: هشدار وثیقه | C39: هیچ معامله‌ای بدون وثیقه پوشش‌دهنده VAT، مالیات، گمرک و رفع تعهد ارزی انجام نشود.
